{
  "info": {
    "name": "RetailX E-commerce Platform API",
    "description": "Complete API collection for RetailX microservices platform",
    "schema": "https://schema.getpostman.com/json/collection/v2.1.0/collection.json",
    "version": "1.0.0"
  },
  "variable": [
    {
      "key": "baseUrl",
      "value": "http://localhost:8080",
      "type": "string"
    },
    {
      "key": "token",
      "value": "",
      "type": "string"
    },
    {
      "key": "userId",
      "value": "",
      "type": "string"
    },
    {
      "key": "idempotencyKey",
      "value": "",
      "type": "string"
    }
  ],
  "item": [
    {
      "name": "Auth Service",
      "item": [
        {
          "name": "Register User",
          "request": {
            "method": "POST",
            "header": [
              {
                "key": "Content-Type",
                "value": "application/json"
              }
            ],
            "body": {
              "mode": "raw",
              "raw": "{\n  \"email\": \"customer@example.com\",\n  \"password\": \"Customer@123\",\n  \"name\": \"John Doe\",\n  \"role\": \"CUSTOMER\"\n}"
            },
            "url": {
              "raw": "{{baseUrl}}/api/auth/register",
              "host": ["{{baseUrl}}"],
              "path": ["api", "auth", "register"]
            }
          },
          "event": [
            {
              "listen": "test",
              "script": {
                "exec": [
                  "if (pm.response.code === 201) {",
                  "    var jsonData = pm.response.json();",
                  "    pm.collectionVariables.set('token', jsonData.token);",
                  "    pm.collectionVariables.set('userId', jsonData.userId);",
                  "}"
                ]
              }
            }
          ]
        },
        {
          "name": "Login",
          "request": {
            "method": "POST",
            "header": [
              {
                "key": "Content-Type",
                "value": "application/json"
              }
            ],
            "body": {
              "mode": "raw",
              "raw": "{\n  \"email\": \"admin@retailx.com\",\n  \"password\": \"Admin@123\"\n}"
            },
            "url": {
              "raw": "{{baseUrl}}/api/auth/login",
              "host": ["{{baseUrl}}"],
              "path": ["api", "auth", "login"]
            }
          },
          "event": [
            {
              "listen": "test",
              "script": {
                "exec": [
                  "if (pm.response.code === 200) {",
                  "    var jsonData = pm.response.json();",
                  "    pm.collectionVariables.set('token', jsonData.token);",
                  "    pm.collectionVariables.set('userId', jsonData.userId);",
                  "}"
                ]
              }
            }
          ]
        }
      ]
    },
    {
      "name": "Product Service",
      "item": [
        {
          "name": "Get All Products",
          "request": {
            "method": "GET",
            "header": [
              {
                "key": "Authorization",
                "value": "Bearer {{token}}"
              }
            ],
            "url": {
              "raw": "{{baseUrl}}/api/products?page=0&size=20&sortBy=createdOn&sortDir=DESC",
              "host": ["{{baseUrl}}"],
              "path": ["api", "products"],
              "query": [
                {"key": "page", "value": "0"},
                {"key": "size", "value": "20"},
                {"key": "sortBy", "value": "createdOn"},
                {"key": "sortDir", "value": "DESC"},
                {"key": "status", "value": "ACTIVE", "disabled": true},
                {"key": "minPrice", "value": "0", "disabled": true},
                {"key": "maxPrice", "value": "1000", "disabled": true},
                {"key": "categoryPath", "value": "/electronics", "disabled": true},
                {"key": "search", "value": "laptop", "disabled": true}
              ]
            }
          }
        },
        {
          "name": "Get Product by ID",
          "request": {
            "method": "GET",
            "header": [
              {
                "key": "Authorization",
                "value": "Bearer {{token}}"
              }
            ],
            "url": {
              "raw": "{{baseUrl}}/api/products/1",
              "host": ["{{baseUrl}}"],
              "path": ["api", "products", "1"]
            }
          }
        },
        {
          "name": "Get Product by SKU",
          "request": {
            "method": "GET",
            "header": [
              {
                "key": "Authorization",
                "value": "Bearer {{token}}"
              }
            ],
            "url": {
              "raw": "{{baseUrl}}/api/products/sku/PROD-001",
              "host": ["{{baseUrl}}"],
              "path": ["api", "products", "sku", "PROD-001"]
            }
          }
        },
        {
          "name": "Create Product",
          "request": {
            "method": "POST",
            "header": [
              {
                "key": "Authorization",
                "value": "Bearer {{token}}"
              },
              {
                "key": "Content-Type",
                "value": "application/json"
              },
              {
                "key": "X-User-Id",
                "value": "{{userId}}"
              }
            ],
            "body": {
              "mode": "raw",
              "raw": "{\n  \"sku\": \"PROD-001\",\n  \"name\": \"Laptop Computer\",\n  \"description\": \"High-performance laptop\",\n  \"basePrice\": 999.99,\n  \"currency\": \"USD\",\n  \"categoryPath\": \"/electronics/computers\",\n  \"status\": \"ACTIVE\"\n}"
            },
            "url": {
              "raw": "{{baseUrl}}/api/products",
              "host": ["{{baseUrl}}"],
              "path": ["api", "products"]
            }
          }
        },
        {
          "name": "Search Products with Filters",
          "request": {
            "method": "GET",
            "header": [
              {
                "key": "Authorization",
                "value": "Bearer {{token}}"
              }
            ],
            "url": {
              "raw": "{{baseUrl}}/api/products?status=ACTIVE&minPrice=100&maxPrice=500&categoryPath=/electronics&search=laptop&page=0&size=20",
              "host": ["{{baseUrl}}"],
              "path": ["api", "products"],
              "query": [
                {"key": "status", "value": "ACTIVE"},
                {"key": "minPrice", "value": "100"},
                {"key": "maxPrice", "value": "500"},
                {"key": "categoryPath", "value": "/electronics"},
                {"key": "search", "value": "laptop"},
                {"key": "page", "value": "0"},
                {"key": "size", "value": "20"}
              ]
            }
          }
        },
        {
          "name": "Regex Path Search",
          "request": {
            "method": "GET",
            "header": [
              {
                "key": "Authorization",
                "value": "Bearer {{token}}"
              }
            ],
            "url": {
              "raw": "{{baseUrl}}/api/products/search/regex?pattern=/catalog/electronics/.*",
              "host": ["{{baseUrl}}"],
              "path": ["api", "products", "search", "regex"],
              "query": [
                {"key": "pattern", "value": "/catalog/electronics/.*"}
              ]
            }
          }
        },
        {
          "name": "Bulk Import CSV",
          "request": {
            "method": "POST",
            "header": [
              {
                "key": "Authorization",
                "value": "Bearer {{token}}"
              },
              {
                "key": "X-User-Id",
                "value": "{{userId}}"
              }
            ],
            "body": {
              "mode": "formdata",
              "formdata": [
                {
                  "key": "file",
                  "type": "file",
                  "src": []
                }
              ]
            },
            "url": {
              "raw": "{{baseUrl}}/api/products/bulk/import/csv",
              "host": ["{{baseUrl}}"],
              "path": ["api", "products", "bulk", "import", "csv"]
            }
          }
        },
        {
          "name": "Bulk Import XLSX",
          "request": {
            "method": "POST",
            "header": [
              {
                "key": "Authorization",
                "value": "Bearer {{token}}"
              },
              {
                "key": "X-User-Id",
                "value": "{{userId}}"
              }
            ],
            "body": {
              "mode": "formdata",
              "formdata": [
                {
                  "key": "file",
                  "type": "file",
                  "src": []
                }
              ]
            },
            "url": {
              "raw": "{{baseUrl}}/api/products/bulk/import/xlsx",
              "host": ["{{baseUrl}}"],
              "path": ["api", "products", "bulk", "import", "xlsx"]
            }
          }
        }
      ]
    },
    {
      "name": "Order Service",
      "item": [
        {
          "name": "Get Cart",
          "request": {
            "method": "GET",
            "header": [
              {
                "key": "Authorization",
                "value": "Bearer {{token}}"
              },
              {
                "key": "X-User-Id",
                "value": "{{userId}}"
              }
            ],
            "url": {
              "raw": "{{baseUrl}}/api/carts",
              "host": ["{{baseUrl}}"],
              "path": ["api", "carts"]
            }
          }
        },
        {
          "name": "Add to Cart",
          "request": {
            "method": "POST",
            "header": [
              {
                "key": "Authorization",
                "value": "Bearer {{token}}"
              },
              {
                "key": "Content-Type",
                "value": "application/json"
              },
              {
                "key": "X-User-Id",
                "value": "{{userId}}"
              }
            ],
            "body": {
              "mode": "raw",
              "raw": "{\n  \"sku\": \"PROD-001\",\n  \"quantity\": 2\n}"
            },
            "url": {
              "raw": "{{baseUrl}}/api/carts/items",
              "host": ["{{baseUrl}}"],
              "path": ["api", "carts", "items"]
            }
          }
        },
        {
          "name": "Update Cart Item",
          "request": {
            "method": "PUT",
            "header": [
              {
                "key": "Authorization",
                "value": "Bearer {{token}}"
              },
              {
                "key": "X-User-Id",
                "value": "{{userId}}"
              }
            ],
            "url": {
              "raw": "{{baseUrl}}/api/carts/items/1?quantity=3",
              "host": ["{{baseUrl}}"],
              "path": ["api", "carts", "items", "1"],
              "query": [
                {"key": "quantity", "value": "3"}
              ]
            }
          }
        },
        {
          "name": "Remove from Cart",
          "request": {
            "method": "DELETE",
            "header": [
              {
                "key": "Authorization",
                "value": "Bearer {{token}}"
              },
              {
                "key": "X-User-Id",
                "value": "{{userId}}"
              }
            ],
            "url": {
              "raw": "{{baseUrl}}/api/carts/items/1",
              "host": ["{{baseUrl}}"],
              "path": ["api", "carts", "items", "1"]
            }
          }
        },
        {
          "name": "Checkout",
          "request": {
            "method": "POST",
            "header": [
              {
                "key": "Authorization",
                "value": "Bearer {{token}}"
              },
              {
                "key": "Content-Type",
                "value": "application/json"
              },
              {
                "key": "X-User-Id",
                "value": "{{userId}}"
              },
              {
                "key": "Idempotency-Key",
                "value": "{{idempotencyKey}}",
                "description": "Unique key for idempotent requests"
              }
            ],
            "body": {
              "mode": "raw",
              "raw": "{\n  \"shippingAddress\": \"123 Main St, City, State 12345\",\n  \"shippingMethod\": \"STANDARD\",\n  \"giftNote\": \"Happy Birthday!\"\n}"
            },
            "url": {
              "raw": "{{baseUrl}}/api/checkout",
              "host": ["{{baseUrl}}"],
              "path": ["api", "checkout"]
            }
          },
          "event": [
            {
              "listen": "prerequest",
              "script": {
                "exec": [
                  "pm.collectionVariables.set('idempotencyKey', pm.variables.replaceIn('{{$guid}}'));"
                ]
              }
            }
          ]
        },
        {
          "name": "Get Order by ID",
          "request": {
            "method": "GET",
            "header": [
              {
                "key": "Authorization",
                "value": "Bearer {{token}}"
              }
            ],
            "url": {
              "raw": "{{baseUrl}}/api/orders/1",
              "host": ["{{baseUrl}}"],
              "path": ["api", "orders", "1"]
            }
          }
        },
        {
          "name": "Get Customer Orders",
          "request": {
            "method": "GET",
            "header": [
              {
                "key": "Authorization",
                "value": "Bearer {{token}}"
              },
              {
                "key": "X-User-Id",
                "value": "{{userId}}"
              }
            ],
            "url": {
              "raw": "{{baseUrl}}/api/orders/customer?page=0&size=20",
              "host": ["{{baseUrl}}"],
              "path": ["api", "orders", "customer"],
              "query": [
                {"key": "page", "value": "0"},
                {"key": "size", "value": "20"}
              ]
            }
          }
        },
        {
          "name": "Update Order Status",
          "request": {
            "method": "PUT",
            "header": [
              {
                "key": "Authorization",
                "value": "Bearer {{token}}"
              },
              {
                "key": "X-User-Id",
                "value": "{{userId}}"
              }
            ],
            "url": {
              "raw": "{{baseUrl}}/api/orders/1/status?status=PAID&reason=Payment received",
              "host": ["{{baseUrl}}"],
              "path": ["api", "orders", "1", "status"],
              "query": [
                {"key": "status", "value": "PAID"},
                {"key": "reason", "value": "Payment received"}
              ]
            }
          }
        },
        {
          "name": "Cancel Order",
          "request": {
            "method": "PUT",
            "header": [
              {
                "key": "Authorization",
                "value": "Bearer {{token}}"
              },
              {
                "key": "X-User-Id",
                "value": "{{userId}}"
              }
            ],
            "url": {
              "raw": "{{baseUrl}}/api/orders/1/cancel?reason=Cancelled by customer",
              "host": ["{{baseUrl}}"],
              "path": ["api", "orders", "1", "cancel"],
              "query": [
                {"key": "reason", "value": "Cancelled by customer"}
              ]
            }
          }
        }
      ]
    },
    {
      "name": "Payment Service",
      "item": [
        {
          "name": "Create Payment Intent",
          "request": {
            "method": "POST",
            "header": [
              {
                "key": "Authorization",
                "value": "Bearer {{token}}"
              },
              {
                "key": "Idempotency-Key",
                "value": "{{idempotencyKey}}"
              }
            ],
            "url": {
              "raw": "{{baseUrl}}/api/payments/intents?orderId=1&amount=999.99&currency=USD",
              "host": ["{{baseUrl}}"],
              "path": ["api", "payments", "intents"],
              "query": [
                {"key": "orderId", "value": "1"},
                {"key": "amount", "value": "999.99"},
                {"key": "currency", "value": "USD"}
              ]
            }
          }
        },
        {
          "name": "Authorize Payment",
          "request": {
            "method": "POST",
            "header": [
              {
                "key": "Authorization",
                "value": "Bearer {{token}}"
              },
              {
                "key": "Idempotency-Key",
                "value": "{{idempotencyKey}}"
              }
            ],
            "url": {
              "raw": "{{baseUrl}}/api/payments/1/authorize",
              "host": ["{{baseUrl}}"],
              "path": ["api", "payments", "1", "authorize"]
            }
          }
        },
        {
          "name": "Capture Payment",
          "request": {
            "method": "POST",
            "header": [
              {
                "key": "Authorization",
                "value": "Bearer {{token}}"
              },
              {
                "key": "Idempotency-Key",
                "value": "{{idempotencyKey}}"
              }
            ],
            "url": {
              "raw": "{{baseUrl}}/api/payments/1/capture",
              "host": ["{{baseUrl}}"],
              "path": ["api", "payments", "1", "capture"]
            }
          }
        },
        {
          "name": "Refund Payment",
          "request": {
            "method": "POST",
            "header": [
              {
                "key": "Authorization",
                "value": "Bearer {{token}}"
              },
              {
                "key": "Idempotency-Key",
                "value": "{{idempotencyKey}}"
              }
            ],
            "url": {
              "raw": "{{baseUrl}}/api/payments/1/refund?amount=999.99",
              "host": ["{{baseUrl}}"],
              "path": ["api", "payments", "1", "refund"],
              "query": [
                {"key": "amount", "value": "999.99"}
              ]
            }
          }
        }
      ]
    },
    {
      "name": "Inventory Service",
      "item": [
        {
          "name": "Reserve Inventory",
          "request": {
            "method": "POST",
            "header": [
              {
                "key": "Authorization",
                "value": "Bearer {{token}}"
              }
            ],
            "url": {
              "raw": "{{baseUrl}}/api/inventory/reserve?sku=PROD-001&quantity=2&warehouseId=default-warehouse",
              "host": ["{{baseUrl}}"],
              "path": ["api", "inventory", "reserve"],
              "query": [
                {"key": "sku", "value": "PROD-001"},
                {"key": "quantity", "value": "2"},
                {"key": "warehouseId", "value": "default-warehouse"}
              ]
            }
          }
        },
        {
          "name": "Get Low Stock Items",
          "request": {
            "method": "GET",
            "header": [
              {
                "key": "Authorization",
                "value": "Bearer {{token}}"
              }
            ],
            "url": {
              "raw": "{{baseUrl}}/api/inventory/low-stock",
              "host": ["{{baseUrl}}"],
              "path": ["api", "inventory", "low-stock"]
            }
          }
        },
        {
          "name": "Adjust Inventory",
          "request": {
            "method": "POST",
            "header": [
              {
                "key": "Authorization",
                "value": "Bearer {{token}}"
              }
            ],
            "url": {
              "raw": "{{baseUrl}}/api/inventory/adjust?sku=PROD-001&warehouseId=default-warehouse&quantity=100",
              "host": ["{{baseUrl}}"],
              "path": ["api", "inventory", "adjust"],
              "query": [
                {"key": "sku", "value": "PROD-001"},
                {"key": "warehouseId", "value": "default-warehouse"},
                {"key": "quantity", "value": "100"}
              ]
            }
          }
        }
      ]
    },
    {
      "name": "Shipment Service",
      "item": [
        {
          "name": "Create Shipment",
          "request": {
            "method": "POST",
            "header": [
              {
                "key": "Authorization",
                "value": "Bearer {{token}}"
              },
              {
                "key": "Content-Type",
                "value": "application/json"
              }
            ],
            "body": {
              "mode": "raw",
              "raw": "{\n  \"carrier\": \"UPS\",\n  \"trackingNumber\": \"1Z999AA10123456784\",\n  \"skus\": [\"PROD-001\", \"PROD-002\"]\n}"
            },
            "url": {
              "raw": "{{baseUrl}}/api/shipments/orders/1",
              "host": ["{{baseUrl}}"],
              "path": ["api", "shipments", "orders", "1"]
            }
          }
        },
        {
          "name": "Mark Shipment as Delivered",
          "request": {
            "method": "PUT",
            "header": [
              {
                "key": "Authorization",
                "value": "Bearer {{token}}"
              }
            ],
            "url": {
              "raw": "{{baseUrl}}/api/shipments/1/delivered",
              "host": ["{{baseUrl}}"],
              "path": ["api", "shipments", "1", "delivered"]
            }
          }
        },
        {
          "name": "Get Shipments by Order",
          "request": {
            "method": "GET",
            "header": [
              {
                "key": "Authorization",
                "value": "Bearer {{token}}"
              }
            ],
            "url": {
              "raw": "{{baseUrl}}/api/shipments/orders/1",
              "host": ["{{baseUrl}}"],
              "path": ["api", "shipments", "orders", "1"]
            }
          }
        }
      ]
    },
    {
      "name": "Return Service",
      "item": [
        {
          "name": "Request Return",
          "request": {
            "method": "POST",
            "header": [
              {
                "key": "Authorization",
                "value": "Bearer {{token}}"
              },
              {
                "key": "Content-Type",
                "value": "application/json"
              },
              {
                "key": "X-User-Id",
                "value": "{{userId}}"
              }
            ],
            "body": {
              "mode": "raw",
              "raw": "{\n  \"reason\": \"Defective item\",\n  \"items\": [\n    {\n      \"sku\": \"PROD-001\",\n      \"quantity\": 1\n    }\n  ]\n}"
            },
            "url": {
              "raw": "{{baseUrl}}/api/returns/orders/1",
              "host": ["{{baseUrl}}"],
              "path": ["api", "returns", "orders", "1"]
            }
          }
        },
        {
          "name": "Approve Return",
          "request": {
            "method": "PUT",
            "header": [
              {
                "key": "Authorization",
                "value": "Bearer {{token}}"
              },
              {
                "key": "X-User-Id",
                "value": "{{userId}}"
              }
            ],
            "url": {
              "raw": "{{baseUrl}}/api/returns/1/approve",
              "host": ["{{baseUrl}}"],
              "path": ["api", "returns", "1", "approve"]
            }
          }
        },
        {
          "name": "Reject Return",
          "request": {
            "method": "PUT",
            "header": [
              {
                "key": "Authorization",
                "value": "Bearer {{token}}"
              },
              {
                "key": "X-User-Id",
                "value": "{{userId}}"
              }
            ],
            "url": {
              "raw": "{{baseUrl}}/api/returns/1/reject?reason=Item not eligible for return",
              "host": ["{{baseUrl}}"],
              "path": ["api", "returns", "1", "reject"],
              "query": [
                {"key": "reason", "value": "Item not eligible for return"}
              ]
            }
          }
        },
        {
          "name": "Get Returns by Order",
          "request": {
            "method": "GET",
            "header": [
              {
                "key": "Authorization",
                "value": "Bearer {{token}}"
              }
            ],
            "url": {
              "raw": "{{baseUrl}}/api/returns/orders/1",
              "host": ["{{baseUrl}}"],
              "path": ["api", "returns", "orders", "1"]
            }
          }
        }
      ]
    },
    {
      "name": "Review Service",
      "item": [
        {
          "name": "Create Review",
          "request": {
            "method": "POST",
            "header": [
              {
                "key": "Authorization",
                "value": "Bearer {{token}}"
              },
              {
                "key": "Content-Type",
                "value": "application/json"
              },
              {
                "key": "X-User-Id",
                "value": "{{userId}}"
              }
            ],
            "body": {
              "mode": "raw",
              "raw": "{\n  \"rating\": 5,\n  \"text\": \"Great product! Highly recommended.\"\n}"
            },
            "url": {
              "raw": "{{baseUrl}}/api/reviews/products/1?orderItemId=1",
              "host": ["{{baseUrl}}"],
              "path": ["api", "reviews", "products", "1"],
              "query": [
                {"key": "orderItemId", "value": "1"}
              ]
            }
          }
        },
        {
          "name": "Get Reviews by Product",
          "request": {
            "method": "GET",
            "header": [
              {
                "key": "Authorization",
                "value": "Bearer {{token}}"
              }
            ],
            "url": {
              "raw": "{{baseUrl}}/api/reviews/products/1?status=APPROVED&page=0&size=20",
              "host": ["{{baseUrl}}"],
              "path": ["api", "reviews", "products", "1"],
              "query": [
                {"key": "status", "value": "APPROVED"},
                {"key": "page", "value": "0"},
                {"key": "size", "value": "20"}
              ]
            }
          }
        },
        {
          "name": "Moderate Review",
          "request": {
            "method": "PUT",
            "header": [
              {
                "key": "Authorization",
                "value": "Bearer {{token}}"
              },
              {
                "key": "X-User-Id",
                "value": "{{userId}}"
              }
            ],
            "url": {
              "raw": "{{baseUrl}}/api/reviews/1/moderate?action=approve",
              "host": ["{{baseUrl}}"],
              "path": ["api", "reviews", "1", "moderate"],
              "query": [
                {"key": "action", "value": "approve", "description": "approve or hide"}
              ]
            }
          }
        },
        {
          "name": "Get Pending Reviews",
          "request": {
            "method": "GET",
            "header": [
              {
                "key": "Authorization",
                "value": "Bearer {{token}}"
              }
            ],
            "url": {
              "raw": "{{baseUrl}}/api/reviews/pending",
              "host": ["{{baseUrl}}"],
              "path": ["api", "reviews", "pending"]
            }
          }
        }
      ]
    },
    {
      "name": "Reporting",
      "item": [
        {
          "name": "Sales Report",
          "request": {
            "method": "GET",
            "header": [
              {
                "key": "Authorization",
                "value": "Bearer {{token}}"
              },
              {
                "key": "X-User-Id",
                "value": "{{userId}}"
              }
            ],
            "url": {
              "raw": "{{baseUrl}}/api/reports/sales?startDate=2024-01-01T00:00:00&endDate=2024-12-31T23:59:59",
              "host": ["{{baseUrl}}"],
              "path": ["api", "reports", "sales"],
              "query": [
                {"key": "startDate", "value": "2024-01-01T00:00:00"},
                {"key": "endDate", "value": "2024-12-31T23:59:59"}
              ]
            }
          }
        },
        {
          "name": "Order Status Counts",
          "request": {
            "method": "GET",
            "header": [
              {
                "key": "Authorization",
                "value": "Bearer {{token}}"
              },
              {
                "key": "X-User-Id",
                "value": "{{userId}}"
              }
            ],
            "url": {
              "raw": "{{baseUrl}}/api/reports/order-status",
              "host": ["{{baseUrl}}"],
              "path": ["api", "reports", "order-status"]
            }
          }
        }
      ]
    }
  ]
}

