SKU,Name,Description,BasePrice,Currency,CategoryPath,Status
PROD-100,Laptop Computer,High-performance laptop with 16GB RAM and 512GB SSD,1299.99,USD,/electronics/computers,ACTIVE
PROD-101,Wireless Mouse,Ergonomic wireless mouse with 2.4GHz connectivity,29.99,USD,/electronics/accessories,ACTIVE
PROD-102,Mechanical Keyboard,RGB mechanical keyboard with Cherry MX switches,149.99,USD,/electronics/accessories,ACTIVE
PROD-103,USB-C Cable,High-speed USB-C cable 6 feet,19.99,USD,/electronics/accessories,ACTIVE
PROD-104,Monitor Stand,Adjustable monitor stand with cable management,79.99,USD,/furniture/office,ACTIVE
PROD-105,Webcam HD,1080p HD webcam with built-in microphone,89.99,USD,/electronics/accessories,ACTIVE
PROD-106,Wireless Headphones,Noise-cancelling wireless headphones,199.99,USD,/electronics/audio,ACTIVE
PROD-107,USB Hub,4-port USB 3.0 hub,24.99,USD,/electronics/accessories,ACTIVE
PROD-108,Desk Lamp,LED desk lamp with adjustable brightness,39.99,USD,/furniture/office,ACTIVE
PROD-109,Monitor 27 inch,27-inch 4K UHD monitor,399.99,USD,/electronics/displays,ACTIVE


